Trees,train-rmse-mean,train-rmse-std,Mean RMSE,test-rmse-std
0,116.5236406,0.1520502448016464,116.53739779999998,0.644216508307075
1,115.00673199999999,0.15015435209810069,115.03665760000001,0.6429384391640015
2,113.7692718,0.14776087790670786,113.7962356,0.6426958998610784
3,112.740689,0.1418760261918831,112.76983479999998,0.6432619072892126
4,111.8901748,0.13703113505390094,111.92280739999998,0.64271926988464
5,111.19152240000001,0.13640473739368505,111.2262252,0.6377346196001614
6,110.6040804,0.13261409404825558,110.64205919999999,0.6371960815856915
7,110.1397964,0.13038711945986303,110.1806444,0.6359628770151956
8,109.783998,0.11929255415657646,109.827919,0.6427916006324281
9,109.489421,0.1235005826075323,109.53423000000001,0.6323720044167077
10,109.2299682,0.13180339811309735,109.2771988,0.6178825399020126
11,109.0355636,0.1345456183851427,109.0847002,0.6127385102757614
12,108.87885000000001,0.13159960123799655,108.92928300000001,0.6164411215018021
13,108.7094666,0.11914329460712608,108.76246959999999,0.6170862780939492
14,108.5552336,0.10385559520911752,108.6125364,0.629021852759538
15,108.4556944,0.11704956754230578,108.51516120000001,0.6137799900229374
16,108.34816140000001,0.08123463878814141,108.4093766,0.6475737561855347
17,108.2687728,0.09285157672629973,108.333861,0.6359638444792259
18,108.1874468,0.09645795765078398,108.25538179999998,0.6286784877606024
19,108.11400899999998,0.09073031802214764,108.183719,0.6385415936112527
20,108.0541412,0.06281077305494592,108.1258102,0.6538364797496056
21,107.99421079999999,0.08541043488333129,108.06740119999999,0.6309981593581399
22,107.95191359999998,0.08685299394631975,108.0277484,0.6290320456048676
23,107.8953736,0.11071909848910291,107.9740708,0.6076614823091554
24,107.8660844,0.11926803974678428,107.94748840000003,0.600437113855433
25,107.807512,0.11727944825074672,107.89163199999999,0.6023307645681076
26,107.75661319999999,0.12622147016637125,107.84491720000001,0.5856730022199761
27,107.698924,0.12906358172776608,107.7923752,0.5777670204216904
28,107.66994300000002,0.1269777305939908,107.76576379999999,0.5814892841321844
29,107.62735899999998,0.12865921670987904,107.7261444,0.5735666245327049
30,107.59739520000001,0.13510633392909507,107.70071280000002,0.5675172265823812
31,107.56319599999999,0.12842790253679148,107.6698686,0.5696658694036714
32,107.53770460000001,0.13146543204143082,107.64765300000002,0.5671771072735561
33,107.519557,0.12636242844136603,107.6310424,0.5703339847025086
34,107.48120739999999,0.12839444530913222,107.59562820000001,0.5688207671888947
35,107.4431002,0.11667463645608489,107.56081079999998,0.5803662195687793
36,107.4159592,0.11401748800495447,107.53557140000001,0.5812541075170489
37,107.395253,0.1113387677460102,107.518451,0.5810682416525578
38,107.37405119999998,0.11313845384023952,107.49973,0.5774882791381987
39,107.3525574,0.11435984835002182,107.4808884,0.5745836572564846
40,107.31532299999999,0.13784394112618523,107.4437728,0.5484791786069557
41,107.2793304,0.1270405457995232,107.412642,0.557244916973499
42,107.2411818,0.12965184343525463,107.3778136,0.5573917030439531
43,107.2189926,0.12092257199811864,107.35857839999998,0.5647096352851089
44,107.2112152,0.12249957897625507,107.352385,0.5634952092371314
45,107.18010380000001,0.12659605338777538,107.32316900000001,0.5596387506779692
46,107.1435454,0.12418034099260591,107.289221,0.5585941218262149
47,107.1217484,0.11953694478545368,107.269632,0.564174998443567
48,107.09531999999999,0.11820285177439582,107.247406,0.5668514142940799
49,107.06260379999999,0.11774250801201776,107.21826200000001,0.5649265502208224
50,107.0506528,0.11078255673417074,107.2086808,0.569906849342735
51,107.03090040000002,0.10118347858934164,107.19065700000002,0.5778227138986497
52,107.01165780000001,0.1061076443398869,107.1738144,0.5761223432961473
53,106.9915328,0.10114665226966413,107.15616619999999,0.5836977644587631
54,106.95792080000001,0.11014198698661723,107.1258162,0.5755008289097064
55,106.936583,0.11334387576397784,107.10527200000001,0.5694253000866735
56,106.904042,0.11168169144672031,107.07770520000001,0.5739964284263098
57,106.8829514,0.10210939679892164,107.0601762,0.5847693566182817
58,106.8585984,0.0928720068408128,107.03928379999999,0.5937412180064292
59,106.8326554,0.11074977660220994,107.0136794,0.5773513934735403
60,106.81986839999999,0.11622851613541402,107.002312,0.5710977473494363
61,106.7989746,0.12068134954432697,106.98335260000002,0.5661658686839424
62,106.78167579999999,0.12675178351155267,106.9668854,0.5617529794785562
63,106.75314180000001,0.1457880171459934,106.9402022,0.5480375763669492
64,106.71959539999997,0.15958113925223052,106.91163179999998,0.5390093270025632
65,106.6912628,0.16685162109059623,106.8852906,0.5276098042480263
66,106.65953220000002,0.16575392507617873,106.85719160000001,0.5277773143891618
67,106.6384384,0.1535663292816499,106.8393614,0.5345427944561965
68,106.6142882,0.1487044119727444,106.8189212,0.5384653868669388
69,106.58601680000001,0.15847276767116672,106.7928618,0.5257830080530932
70,106.56730660000001,0.15892498006241915,106.7770234,0.5252949520978085
71,106.55509500000001,0.15351553407782487,106.76562040000002,0.5304690777297373
72,106.537372,0.15087670935303507,106.75032959999999,0.5311042433995801
73,106.51127919999999,0.16428151729564955,106.72805779999999,0.5214814974322289
74,106.49727480000001,0.16762566600303105,106.71696179999999,0.5231047406014944
75,106.47403440000001,0.15071674141328625,106.6964892,0.532568614004021
76,106.44728239999999,0.14531324227007134,106.67343780000002,0.5374563311341328
77,106.4271056,0.1480407222376316,106.65650799999999,0.5368115982066691
78,106.40331700000002,0.14505642755700138,106.6371078,0.5410944409292695
79,106.37348479999999,0.13858622654563987,106.61055579999997,0.5461562630447071
80,106.34821199999999,0.14082241520155875,106.5882538,0.5425835544615817
81,106.3234878,0.12561338680952358,106.56566640000001,0.5465634671511073
82,106.30484179999999,0.11578355707508933,106.54999860000001,0.5545255422772162
83,106.27610159999999,0.10118493807795882,106.5243516,0.565731273801475
84,106.2386594,0.10876856335467518,106.4897844,0.5551924342260439
85,106.21562960000001,0.10831551926404283,106.46726999999998,0.5474289408414597
86,106.18029940000001,0.11307423630093645,106.43523880000001,0.5421652754876113
87,106.16436300000001,0.1160196680757198,106.4207412,0.5406196383915036
88,106.13935380000001,0.12335510795001678,106.39846499999999,0.5330188078377722
89,106.12047280000002,0.12802579516550372,106.3804856,0.529789497834598
90,106.0874464,0.12487247848361022,106.35074440000001,0.5360863677701936
91,106.06070399999999,0.12544792013899714,106.32576300000001,0.5384926729391925
92,106.03302780000001,0.1269241136433928,106.3021698,0.5391327422879869
93,106.00759739999998,0.13010523398018992,106.27908640000001,0.5372545929775181
94,105.975989,0.13341669953495477,106.25073539999998,0.5332858402450227
95,105.9464052,0.13789878128163865,106.224678,0.5211647968491363
96,105.92290499999999,0.1394677352221623,106.20184019999999,0.5209808726874369
97,105.9007766,0.14227265769163203,106.18223579999999,0.5197318420560342
98,105.8679994,0.15558280050391227,106.15229939999999,0.5062082912361655
99,105.85299520000001,0.15072143780418396,106.13876780000001,0.5067586133635593
100,105.8342146,0.13969311159624065,106.12240139999999,0.5173119046968077
101,105.8060608,0.14276972879626612,106.0975082,0.5147958843178134
102,105.78451079999999,0.14325868073020814,106.07844379999999,0.5163941405145486
103,105.76337579999999,0.1487675223486611,106.0585722,0.5090824621144975
104,105.7478318,0.1507159760747387,106.0439178,0.5104297399283818
105,105.7304566,0.15361314588745353,106.02903,0.5024750746904767
106,105.7142928,0.14487732679946916,106.01530620000001,0.5091597575101161
107,105.6958526,0.14387955626926555,105.9991364,0.5127289413671137
108,105.6767348,0.14941581662247036,105.98272419999998,0.5064163969740314
109,105.65905899999998,0.15309301128268693,105.9665694,0.5005094896341514
110,105.6334564,0.15096847079652162,105.94466700000001,0.5021429223358628
111,105.6074936,0.14784546700876577,105.9229462,0.5054287069446696
112,105.58972319999998,0.14202919830569877,105.90682079999999,0.5111152256908021
113,105.5694426,0.13924105433757367,105.8879868,0.5139968282024305
114,105.5516982,0.14207510425039635,105.8724718,0.513662755009706
115,105.53843859999999,0.14645129489983977,105.86148820000001,0.5082711555291717
116,105.5153946,0.1517240780820233,105.8400664,0.5046506798947554
117,105.5003706,0.14697545366162543,105.82672740000001,0.5097876121753442
118,105.4784836,0.14633997240480753,105.8077514,0.511549851689782
119,105.4566574,0.1416891836120166,105.7897796,0.5141595975062996
120,105.4393236,0.13554314447525465,105.77549919999998,0.5186742928040288
121,105.42125539999999,0.13926202022461323,105.7601654,0.5148811437846995
122,105.39661879999998,0.13966540304799815,105.7399946,0.5139748129072469
123,105.3831588,0.1393193249975013,105.72839819999999,0.5118423808995902
124,105.36337899999998,0.14415924073329717,105.7106078,0.5067140500287693
125,105.3432066,0.14094690888785133,105.690216,0.5115810689476267
126,105.32001199999999,0.14430247242233865,105.67057479999998,0.5073233546169149
127,105.29637299999999,0.1405182797603187,105.6474808,0.5110560401327444
128,105.2786376,0.14157286074894476,105.63088359999999,0.5081928315584927
129,105.2630586,0.14275341478731798,105.6174622,0.5081363179428928
130,105.2442016,0.13974207326442256,105.60367879999998,0.5104582848297795
131,105.22966,0.1404874803674649,105.59105360000001,0.5076877690063454
132,105.20929879999998,0.14330409151926018,105.574295,0.5067911974109267
133,105.1854386,0.14517613142469546,105.55439279999999,0.5056338078010186
134,105.1661592,0.15045969143315224,105.5381228,0.4991230684383955
135,105.13585520000001,0.14882449173627363,105.51137700000001,0.5040042677898674
136,105.1158844,0.1507078316367159,105.49481180000001,0.5001029350745266
137,105.0910294,0.1429394214604211,105.47192379999998,0.5101087614293263
138,105.065834,0.14705908074375842,105.4494708,0.5066793942703408
139,105.048442,0.14916436451512005,105.4342576,0.5067012379718845
140,105.0162476,0.15838580398078916,105.405313,0.4968536679276916
141,104.9974868,0.16277569859459967,105.3892212,0.4985153520999725
142,104.97653640000001,0.1642677752824318,105.3701918,0.4971374559883405
143,104.9582336,0.16373782773519469,105.3550904,0.4995885773924764
144,104.9401382,0.17156114879820442,105.340677,0.49321165549812274
145,104.928882,0.1737379561489072,105.3308182,0.49422396740967234
146,104.9146256,0.1706018631230066,105.31791840000001,0.5001105853315246
147,104.9006668,0.16549272727149988,105.3058442,0.5065347228597067
148,104.8866348,0.17107918435788677,105.29379119999999,0.5006838016215005
149,104.8633362,0.17730210530210866,105.2734986,0.49544548266689953
150,104.84409500000001,0.17826289037037524,105.2572326,0.4903962427366704
151,104.82277680000001,0.1857284279020305,105.23938000000001,0.48133405476944874
152,104.8018022,0.1881995562506987,105.2194428,0.4719836788777321
153,104.7861862,0.19295762735211985,105.20675200000001,0.46890280497689585
154,104.7701524,0.19329586868487486,105.19241919999999,0.4691875178477789
155,104.7464098,0.18656996747751256,105.17103259999999,0.4787026130881669
156,104.72706439999999,0.19192008478176495,105.15333700000001,0.4747846225951266
157,104.7065064,0.18714615306503224,105.1345568,0.48038534862603827
158,104.68491839999999,0.19675763028518384,105.11407779999999,0.476338362757987
159,104.664232,0.20221069373007747,105.0974424,0.47536356972725896
160,104.65223699999999,0.20109085457076253,105.0869446,0.47605768746008303
161,104.63448799999999,0.2031371052693251,105.0719546,0.4717925350781207
162,104.61946560000001,0.20601437033624598,105.05953079999999,0.472477651934308
163,104.6037292,0.2022503559259146,105.04445319999999,0.4781232845291684
164,104.5947784,0.19637856597358086,105.0374922,0.482889981564915
165,104.5732894,0.19617677352286322,105.01846800000001,0.4801625936063745
166,104.56218860000001,0.19875466393581942,105.0086286,0.47719779171475873
167,104.54049679999999,0.19627977890388948,104.9874726,0.4767993415929167
168,104.52173780000001,0.18828531986472175,104.9710494,0.48078309667067065
169,104.4983246,0.18895279729561942,104.94998639999999,0.48228828511113514
170,104.48004,0.1907360183845705,104.93529980000001,0.48114535874531356
171,104.4575394,0.19586787360422242,104.9161956,0.4782161066173327
172,104.4374786,0.20293302723273293,104.89725800000001,0.4673704459804905
173,104.419417,0.20693429239060537,104.8829804,0.46552224772640133
174,104.39714059999999,0.19946767491260411,104.8608062,0.4747858702945568
175,104.38432160000002,0.20017019532547534,104.8505568,0.47634116529327636
176,104.36925040000001,0.19297319655807332,104.837477,0.4833405140291882
177,104.35326239999999,0.1853537213509352,104.822496,0.48483700839973226
178,104.3185608,0.19157219879867374,104.79199220000001,0.48737240080061883
179,104.30644520000001,0.19512276101510903,104.78199939999999,0.48639537104318675
180,104.289041,0.1951959972427707,104.766986,0.48791526695154813
181,104.27597499999999,0.19821189422534913,104.7556732,0.48559472701890033
182,104.2595276,0.20114306656367975,104.74271239999999,0.4869417656626302
183,104.24009119999998,0.20601963116208108,104.72493440000001,0.49140157040391813
184,104.22961739999998,0.2088843052922804,104.7162934,0.4899256116973703
185,104.21152520000001,0.20449979964137213,104.70145720000001,0.48926255603322083
186,104.18971859999999,0.20455459977287266,104.68336179999999,0.48477821032855656
187,104.16898040000001,0.20258402933163555,104.664717,0.4889917680599538
188,104.15443579999999,0.20088776109798526,104.652478,0.4873545299516546
189,104.139464,0.20152931814304156,104.6396164,0.49306713848221645
190,104.12281639999999,0.19434618676742624,104.62595080000001,0.49448094899213424
191,104.10129239999999,0.19186523992907176,104.60712699999999,0.4991693008545305
192,104.090077,0.18919932005691673,104.5985672,0.5028499963461857
193,104.07265459999999,0.18566197476123267,104.5849532,0.5046032639662147
194,104.062419,0.1889891627295067,104.57592,0.5035861580889597
195,104.0515594,0.185169692094141,104.5669068,0.5012104492623412
196,104.037256,0.18371764543995397,104.5550476,0.4990911384966077
197,104.02221359999999,0.18707663622227094,104.54221779999997,0.4965960948712369
198,104.00236479999998,0.18905540458331443,104.5255768,0.48829540999906973
199,103.9844788,0.18914259374916068,104.510852,0.4869409769604518
200,103.9693498,0.19169910811623828,104.4985962,0.4857996461988805
201,103.95206320000003,0.18847177396883677,104.4845824,0.485124625397474
202,103.93596499999998,0.1899014119347219,104.4709214,0.4836666835222774
203,103.92465499999999,0.192904138336115,104.4616776,0.4810143078810032
204,103.90641339999999,0.19784052206421232,104.4452362,0.4738860446011916
205,103.890741,0.1925517769557077,104.43078299999999,0.4758059583679053
206,103.8700288,0.1877606397330362,104.41361260000001,0.48183487648596357
207,103.84930559999998,0.18153786219915768,104.395326,0.4847570571999957
208,103.835147,0.17867041851632576,104.3838014,0.48728789390855903
209,103.8184236,0.1769758941851674,104.3698014,0.48760277269334656
210,103.79881900000001,0.17041746741927463,104.35351700000001,0.49225328571579846
211,103.78051,0.17609994124246328,104.33788919999999,0.491353870032343
212,103.7640944,0.17296185573079606,104.32355360000001,0.489964844990983
213,103.7512878,0.17569344088542319,104.3129242,0.49086021761695
214,103.7393066,0.17393933130560116,104.3030824,0.49028491289763493
215,103.72551259999997,0.1701542973287477,104.29071180000001,0.49012149561487356
216,103.6984894,0.17018978163050769,104.266812,0.4920190574902532
217,103.6838486,0.17703150883342908,104.2542756,0.4862523321669934
218,103.666617,0.1737764872576273,104.2381332,0.4878537100764566
219,103.6477402,0.176674605019962,104.2224626,0.48130617486942595
220,103.63391099999998,0.17755036923082124,104.21011519999999,0.47775640581760837
221,103.6206574,0.18037014111498625,104.199675,0.47547162325757936
222,103.60077959999998,0.17869842886673906,104.1823016,0.46997910932449
223,103.5847076,0.17907925733775026,104.16870420000001,0.4708554799521419
224,103.56882479999999,0.18185857991351423,104.15393979999999,0.46862114826687234
225,103.55327300000002,0.18189549702837396,104.14040059999999,0.46684883720733283
226,103.53557740000001,0.18572164605301175,104.1244706,0.4639434634463991
227,103.5199296,0.1890023898839385,104.11074999999998,0.4589174575384966
228,103.5103776,0.19155979430308281,104.10278020000001,0.45698667712851304
229,103.4907242,0.19056438810061027,104.0870514,0.4572831008281851
230,103.47276600000001,0.18253795906276674,104.07032299999999,0.4609731048558035
231,103.4526582,0.17808724207354368,104.053163,0.46257945336904127
232,103.43840780000001,0.17895744275598022,104.04234779999999,0.46193802243781457
233,103.4278808,0.18182696962155998,104.033351,0.4602111668923308
234,103.4137848,0.18064321487772567,104.0206178,0.4608064750532073
235,103.3968092,0.18216265701772982,104.00571,0.46009339623602447
236,103.3760802,0.18840168780708724,103.98802020000001,0.4528326179432784
237,103.3589798,0.1832437992625127,103.97399600000001,0.4560720313722394
238,103.34200299999998,0.184099494881436,103.9611068,0.45472216170466173
239,103.328926,0.1840666826147524,103.95104380000001,0.4545439753939748
240,103.3141326,0.1848825444379221,103.93921660000001,0.45487015559590244
241,103.2957522,0.18606722636122433,103.92402039999999,0.45636883626671854
242,103.2773788,0.18448626456340916,103.9084808,0.45883287201045014
243,103.26138920000001,0.18116490248323408,103.8963074,0.4606225723451268
244,103.24919580000001,0.18081482298019655,103.8873658,0.46190017168665226
245,103.2317992,0.18066850912032323,103.8726044,0.46360670142766686
246,103.216031,0.1807683276495064,103.8591326,0.463302045720328
247,103.19696200000001,0.17987877423086748,103.8425248,0.4638846394673585
248,103.1755158,0.18070796095734404,103.824295,0.4669702921698568
249,103.15419459999998,0.180588241292283,103.806305,0.47043354867823806
250,103.14346780000001,0.18390962500467442,103.7976336,0.46723819151417695
251,103.13046119999998,0.18579654465829074,103.78677539999998,0.4683670382623478
252,103.11317139999998,0.18741328416801104,103.77243660000002,0.4662716430123562
253,103.0980742,0.19074552480139528,103.7592392,0.464870066910916
254,103.0857512,0.18941479533911695,103.74856279999999,0.4647257861282954
255,103.06933719999999,0.18810164849399877,103.73344140000002,0.46383334265858944
256,103.05411860000001,0.18948982671013975,103.7215942,0.4629288668551128
257,103.0403354,0.1923751739280316,103.7102904,0.46370344552163895
258,103.0287976,0.19211614205849495,103.7001174,0.4662337667602367
259,103.01501900000001,0.1947807703106247,103.68892979999998,0.4625451838674343
260,102.9965332,0.19117165965843141,103.6735032,0.46346452022669093
261,102.97691219999999,0.19511762859916104,103.65620440000002,0.46011217874757865
262,102.9616898,0.19375581064979394,103.64349680000001,0.46236202876248506
263,102.93824300000001,0.19292349847336038,103.62306359999998,0.45939538089127774
264,102.923555,0.19000512116361506,103.61070099999999,0.4617504161964537
265,102.9055556,0.19078226666816067,103.5937578,0.46230479621236875
266,102.89192800000001,0.1947792505232531,103.58157639999999,0.45947291063286644
267,102.87944320000001,0.19499322851053147,103.5719454,0.45766762150390417
268,102.86669320000001,0.19345317774531046,103.5611844,0.4580113652444016
269,102.8504944,0.19744035393262574,103.54664320000002,0.4535398968022079
270,102.83000179999999,0.19548320995870744,103.52908319999999,0.4541708906798842
271,102.8068906,0.20113059288591636,103.50733360000001,0.44715845820898814
272,102.79214019999999,0.1990802398264582,103.4940764,0.44725194867260315
273,102.7797212,0.20076380490258028,103.48536220000001,0.4474296110466542
274,102.7640748,0.20574402061921218,103.47438059999999,0.44575496575253065
275,102.74669039999999,0.20593592049528564,103.4602584,0.4469582146221695
276,102.7299438,0.20781880418615156,103.4460542,0.44220056580940653
277,102.7057984,0.20678222283416928,103.4242708,0.44147303002761235
278,102.6886886,0.2076504365577897,103.41065039999998,0.4407932592595305
279,102.6618974,0.2040357255880434,103.3856066,0.4442718804986846
280,102.6432844,0.1984099231677703,103.3706146,0.4468024647889003
281,102.63215599999998,0.19844523555379123,103.362149,0.44769872436360464
282,102.61757800000001,0.196465094620902,103.34906779999999,0.4545635229779877
283,102.60429080000002,0.19113694587640623,103.3375994,0.4550184417496066
284,102.58865499999999,0.19231044904840616,103.3225584,0.4526917129944382
285,102.5716506,0.19155428223519458,103.30790119999999,0.4522765503102746
286,102.55885799999999,0.1932545577853204,103.2964354,0.4507744260641206
287,102.5439836,0.191342261681627,103.28490439999999,0.4533876567087382
288,102.52824539999999,0.19590263397474073,103.2724488,0.45323301340983396
289,102.5175094,0.18930916571323128,103.26220999999998,0.4554731799454279
290,102.50309139999999,0.18852230136893727,103.24908599999999,0.4505204029994655
291,102.4877638,0.18836028668739957,103.2354096,0.4539130849149895
292,102.4739122,0.18432614430774685,103.2227066,0.4532132996709591
293,102.46076339999999,0.18795063092908443,103.21215520000001,0.45112545136465104
294,102.44857940000001,0.19023009385225956,103.20137479999998,0.4474798299961229
295,102.4322588,0.1941009573633281,103.1877626,0.4442023311035615
296,102.41636960000001,0.19156842689921627,103.17414240000001,0.4463606933329118
297,102.3956206,0.19133723868248884,103.15619519999998,0.4501488023600183
298,102.38138140000001,0.19467984433382024,103.1424378,0.4463371363269669
299,102.3683958,0.19366380142029535,103.13034660000001,0.44759852954119295
300,102.35510259999998,0.1932711935810368,103.1200254,0.44777283417179103
301,102.3438492,0.19105135574645843,103.11139560000001,0.44788425604059695
302,102.33649740000001,0.1887419620355753,103.10490560000001,0.4477729016944172
303,102.31809400000002,0.18467091390687101,103.0886094,0.4527589497295896
304,102.3055694,0.17872579287120144,103.0777572,0.4559364950391241
305,102.2913452,0.18143623339388673,103.0661848,0.45219028871235356
306,102.27575540000001,0.17504436226122572,103.05374279999998,0.4576430439219647
307,102.26155860000001,0.1765682133687675,103.04161380000001,0.45657956323357174
308,102.24352579999999,0.17728419827880723,103.0253522,0.45547651556865065
309,102.2242478,0.18418641744645528,103.00924979999999,0.4513104731788949
310,102.2107192,0.1826265665957713,102.99796280000001,0.45210755250643564
311,102.1990326,0.1813522580169323,102.9878282,0.449323786000431
312,102.18761579999999,0.18334117408961972,102.9786364,0.44843699033848705
313,102.16934360000002,0.18240027045769477,102.96282979999998,0.4494821147429115
314,102.15129400000001,0.18030129220834717,102.94756179999999,0.4496491251895856
315,102.13775940000001,0.17509675387807902,102.9374908,0.45314918115313735
316,102.1239472,0.1725425987637823,102.9265138,0.4560530318138
317,102.1034288,0.16680805819072522,102.9093856,0.46049482040978396
318,102.0899824,0.1649780023210354,102.8980364,0.4610237274278204
319,102.0773866,0.1639356859144465,102.88885660000001,0.4589433969602795
320,102.06468659999999,0.16465962466081532,102.879515,0.45703955716589945
321,102.0476548,0.16414808770424577,102.86441499999998,0.4592026246114028
322,102.03037880000001,0.16373490812578645,102.8496398,0.45895772635544607
323,102.01890719999999,0.16002350128828027,102.8399594,0.46184765787155235
324,102.0033754,0.15880212641599012,102.82653660000001,0.46590746424782925
325,101.98396299999999,0.1579213472346297,102.81066739999999,0.46761561299922494
326,101.96743180000001,0.15899152395445185,102.79740139999998,0.46760066830345687
327,101.9569412,0.16063040547841392,102.7881776,0.4657426688627974
328,101.9414734,0.15488271987100127,102.7746034,0.46927181059108863
329,101.92958660000001,0.15826222030364703,102.76593319999999,0.46651595495905507
330,101.9179534,0.15933045893940426,102.75672,0.4645970076709469
331,101.9039276,0.16201737152120438,102.744661,0.4622318347405303
332,101.8838242,0.15861716795403838,102.72748859999999,0.4680610832870429
333,101.87048480000001,0.15648086998275496,102.717247,0.46936858858981806
334,101.85554959999999,0.1583658650272855,102.7044236,0.46586911084492466
335,101.8423556,0.15944316844644368,102.69212639999998,0.46540443469678877
336,101.8288268,0.1628080877602818,102.68007200000002,0.4643912642270505
337,101.8138444,0.1671214991095997,102.6667434,0.46134656065158003
338,101.80469360000001,0.16653355048229654,102.65968319999999,0.4607881557407467
339,101.78964260000001,0.16476715324675628,102.64695740000002,0.46204445992030013
340,101.77163540000001,0.15933568363753622,102.6299774,0.46624262347305906
341,101.75737000000001,0.1621261329348226,102.618849,0.4641398636682672
342,101.738524,0.1619121507126612,102.60411839999999,0.46429993860503654
343,101.7258134,0.1622734642824873,102.5935334,0.463087912239826
344,101.7069336,0.15978969649210953,102.578566,0.46521235517341863
345,101.68868539999998,0.15528407389890164,102.5632738,0.4671429135514755
346,101.67747179999999,0.15761741341666297,102.5544602,0.46458863864687755
347,101.6657838,0.16076026333320095,102.54442300000001,0.4618521654066389
348,101.6555208,0.16264548851339525,102.5356244,0.46170854102414083
349,101.64385379999999,0.16724184498312872,102.5251984,0.45727709143957873
350,101.6308914,0.16609583822191462,102.5141386,0.45742065038675195
351,101.6190262,0.17110355268713612,102.505478,0.45414382471635467
352,101.60992760000002,0.170052614445767,102.4972334,0.4542836494018238
353,101.60211799999999,0.1679586402004987,102.49006979999999,0.4541543932600002
354,101.5925674,0.16926206010397152,102.48181480000001,0.45317341567545466
355,101.5805038,0.17467870987661618,102.4710296,0.4496222837247284
356,101.56559,0.17821735085339113,102.45773460000001,0.4455798233877281
357,101.54847099999999,0.18000954607464137,102.4432296,0.4447508785307134
358,101.53972019999999,0.18055255412804183,102.4358278,0.4451978289710765
359,101.5267746,0.18334641670629825,102.424385,0.44071512997264223
360,101.51312399999999,0.18215396678085102,102.412671,0.4412928864837987
361,101.5029388,0.18731220454353814,102.40317380000002,0.43539772306634517
362,101.4916522,0.1863412893058317,102.39286519999999,0.4353612187999299
363,101.4800158,0.18708248626250193,102.38444059999999,0.43514904770784035
364,101.4685884,0.18903820992656403,102.3749296,0.43569256373117393
365,101.4598968,0.1939672581601344,102.3678344,0.4324590308700205
366,101.4469452,0.19679372275293502,102.3560272,0.4292032856642198
367,101.43792240000002,0.20004106655844367,102.349028,0.42782403675109315
368,101.4249726,0.201979240929956,102.33619999999999,0.42816593476595105
369,101.4123934,0.20483708509017529,102.32603320000001,0.4264744580522481
370,101.4004548,0.20850531318736326,102.3177948,0.42339150660276936
371,101.3881562,0.20995652887147964,102.30716819999999,0.422095429784971
372,101.3762146,0.20739234291709246,102.2970382,0.42445735766807025
373,101.3655304,0.20594121308237445,102.288283,0.42494672494937624
374,101.3526442,0.20896817826970984,102.2772262,0.4225485577073476
375,101.34334860000001,0.2128358032837506,102.2700928,0.4185828348221694
376,101.331752,0.21752520206449874,102.2588394,0.4151844228251368
377,101.3180804,0.22631229546323814,102.24754479999999,0.4089337588091271
378,101.30108200000001,0.2282199326605809,102.2338028,0.40770148707082254
379,101.2873932,0.22992772296563352,102.2225554,0.4060192831610845
380,101.27092760000001,0.230438809960997,102.207733,0.4047110778755628
381,101.2550432,0.23834483342367754,102.1926926,0.397850491543547
382,101.240869,0.24268587425889043,102.18080119999999,0.39717424400401263
383,101.2252622,0.23999529338334855,102.1679626,0.40002749572628116
384,101.2111314,0.2395246231455998,102.15625,0.39974586649270083
385,101.196788,0.24520028129429366,102.14405200000002,0.39472833986122435
386,101.1843918,0.24865472166230834,102.13477040000001,0.39279674710037904
387,101.1743104,0.24559808402640462,102.126158,0.3961701555387536
388,101.1621232,0.244671531580934,102.1151444,0.39701354717369863
389,101.14734200000001,0.2493927843920121,102.10092,0.39289322742597416
390,101.13599219999999,0.2515846419067714,102.09085379999999,0.389932944681213
391,101.1223526,0.2543872955197257,102.0790236,0.38789688553459223
392,101.11109300000001,0.2527242920646897,102.0692138,0.39123214304829224
393,101.09663839999999,0.25733971529136285,102.05720840000001,0.38932613403859523
394,101.08164359999999,0.25666148836675634,102.0432144,0.38692581773336954
395,101.0653702,0.25414957175600233,102.03029939999999,0.3896851386966657
396,101.0522018,0.2546308607026223,102.0191236,0.38999648818398014
397,101.03995080000001,0.25457465297975135,102.0080858,0.3903659285692852
398,101.0284498,0.25561188550566155,101.999959,0.38997560786336094
399,101.01558379999999,0.2550978493648245,101.9890122,0.3916882946162163
400,101.0030654,0.2569260364257426,101.98020779999999,0.39137374006052245
401,100.9900572,0.2589845520793875,101.9685744,0.39025577585814114
402,100.9777878,0.2594719328585652,101.95941919999999,0.39078792942945245
403,100.966217,0.25761547411675334,101.95005499999999,0.39044299214968503
404,100.95032819999999,0.2573368676155074,101.93624580000001,0.3884774829801098
405,100.9360552,0.2576581516656532,101.925264,0.38934437893001594
406,100.92472219999999,0.2557971242288684,101.9151016,0.38866711990216096
407,100.9157198,0.25369954770822767,101.907782,0.38975601788144215
408,100.90125600000002,0.25383323817892717,101.89593359999999,0.38737678086049715
409,100.8872024,0.25245786806562215,101.8844772,0.38844081996741825
410,100.87439739999999,0.24882632178577865,101.8724062,0.39055375440899526
411,100.8560074,0.24737785985459573,101.85763399999999,0.39220149498338136
412,100.83934020000001,0.24369259251721023,101.8438568,0.392272958478351
413,100.8261078,0.24933819560220086,101.83255,0.38824645281933756
414,100.81302620000001,0.24459419253154704,101.8221632,0.39092172861860935
415,100.7979066,0.24294964320336096,101.80960400000001,0.3927522831286931
416,100.7838746,0.24425858464226047,101.7970032,0.3902586289923132
417,100.7706254,0.24247919284722164,101.78587339999999,0.39317314704216727
418,100.75779259999999,0.23937468313721166,101.7749786,0.39789397666745496
419,100.74355460000001,0.2418232472973577,101.7640136,0.39508607523657463
420,100.7331588,0.24290179064420167,101.756076,0.39287282309826316
421,100.7205582,0.236568443037022,101.74541159999998,0.3977099720930338
422,100.7084808,0.23983379461485568,101.73546919999998,0.3931746058902615
423,100.6939758,0.2343221339143188,101.72327580000001,0.3948342447343723
424,100.68572219999999,0.23777722564484596,101.71627980000001,0.3905830956851054
425,100.6751452,0.23659533916322326,101.7071762,0.3921721991826531
426,100.6644838,0.2348037014933114,101.69784999999999,0.39358870447968974
427,100.653108,0.23041585710362944,101.6890092,0.39609492168690974
428,100.643686,0.23324501739843995,101.681636,0.39401837847186866
429,100.63245979999999,0.2361740098075161,101.67266099999999,0.39265602106322073
430,100.6205794,0.23568571356838436,101.66323100000001,0.39208375574104065
431,100.61154940000002,0.23429438360285265,101.6550048,0.39356505337207115
432,100.5989578,0.23454849598188096,101.64552300000001,0.3933711256515905
433,100.58497480000001,0.2298951784700177,101.633861,0.3968780079525684
434,100.5701462,0.22626390787344053,101.62004240000002,0.40125088839109074
435,100.5563612,0.22493182869429604,101.60830080000001,0.40213957655888677
436,100.5450256,0.2268532059994718,101.5977464,0.40130904655718713
437,100.52942039999999,0.22297185215143106,101.584114,0.4051902979332065
438,100.52189940000001,0.22383089887019242,101.5778154,0.4053642825748706
439,100.5110076,0.21958408451033307,101.5685332,0.4077572456898358
440,100.49802380000001,0.2236147435670573,101.5570022,0.40565468030254437
441,100.4836624,0.22274745127035875,101.5456528,0.4055992710720276
442,100.46717379999998,0.22646101081148737,101.53046420000001,0.4021043014191198
443,100.452922,0.2275027916101235,101.5185532,0.399586033453324
444,100.44055019999999,0.2296727165001501,101.506607,0.3988885470148269
445,100.4266586,0.22839304581409356,101.4949584,0.40086439745859276
446,100.41306019999999,0.2293874992351595,101.482634,0.3990621315945696
447,100.40218680000001,0.22987855973917778,101.4737274,0.39910045045857784
448,100.38959960000001,0.22813628754373774,101.46374379999999,0.4007693583224144
449,100.3809936,0.22608360662162222,101.4569672,0.40283167378070056
450,100.37281499999999,0.22620371659369506,101.44965679999999,0.4029193753839097
451,100.36496280000001,0.2257697033026323,101.44357620000001,0.40386232214922085
452,100.35722200000001,0.22542092696553107,101.43757,0.4031498522351217
453,100.3389038,0.23121116520220064,101.42203219999999,0.39739084014425824
454,100.32807920000002,0.2296682433889404,101.41296700000001,0.3986203447863669
455,100.3175568,0.23113237936074596,101.4034026,0.3983425834778886
456,100.303505,0.23305089071101984,101.3920394,0.3961273970997703
457,100.2945496,0.23372963747851858,101.3833906,0.3950569739217866
458,100.28257140000001,0.22935030146533636,101.3740722,0.39944631292047156
459,100.2682618,0.22818628207094252,101.3626004,0.3999321028042635
460,100.2531602,0.22957945929930634,101.35061800000001,0.3991033419033244
461,100.24380179999999,0.2304115433544063,101.34304979999999,0.3970326010983954
462,100.22758619999999,0.22763982073477285,101.3293164,0.39696228976647263
463,100.2186644,0.22807145434411563,101.32213,0.3958903623818106
464,100.20893720000001,0.22671448538406003,101.31436,0.39790358588985086
465,100.19973,0.22556903614636495,101.3070176,0.3993975119504898
466,100.190764,0.22195284186241218,101.29982899999999,0.4023231403764918
467,100.17929219999999,0.21568177291036633,101.2888382,0.4095767539899715
468,100.168628,0.20777213141709186,101.2804014,0.4157262234993581
469,100.15726939999999,0.2047810011388727,101.2707688,0.41819185200929004
470,100.1422148,0.2012486909983805,101.2582168,0.4212215120410604
471,100.13013780000001,0.19776825291173836,101.24824699999999,0.4266130737330976
472,100.1240372,0.19729785347682072,101.24253839999999,0.4277349157001785
473,100.1119124,0.1989466187595084,101.23306420000002,0.4255242555589051
474,100.1026246,0.20280052686775765,101.2262466,0.4227504933232347
475,100.093994,0.20289436875872421,101.2185866,0.42311552665937413
476,100.08397219999998,0.19819820258660314,101.21108999999998,0.4258870805816964
477,100.0691542,0.1974282075220243,101.1981978,0.4283107298989377
478,100.0596466,0.19723637927583137,101.19082360000002,0.42955558590087084
479,100.0481918,0.1910501391471873,101.182312,0.4324725665657891
480,100.0306306,0.18188178282236075,101.16918940000001,0.4388430063594959
481,100.01786200000001,0.18158773675003725,101.1580354,0.44189637716215585
482,100.003888,0.17864727536349273,101.1467514,0.4441517036466712
483,99.99270779999999,0.17796534491793736,101.13805699999999,0.44395461297974864
484,99.978192,0.17565616318250818,101.125232,0.4478210652521857
485,99.96867519999998,0.17538022779937426,101.1182618,0.4488690868070131
486,99.95583940000002,0.1710795797897564,101.1062776,0.45449902966611483
487,99.9472444,0.16960295874376632,101.09923699999999,0.45548238336207847
488,99.9344742,0.16921700381746665,101.08945920000001,0.4564328018411473
489,99.9215224,0.17380265432334274,101.07903580000001,0.45262952121151007
490,99.91227740000001,0.17239643740472255,101.0709914,0.4543336193519469
491,99.8980468,0.17012650510887456,101.06024,0.4569510201266646
492,99.8867856,0.17141443575101745,101.0520006,0.4565537680337786
493,99.8691452,0.1701210010755859,101.0362916,0.45943948421945785
494,99.85863199999999,0.16832420804744586,101.0272828,0.46082759492695236
495,99.8449356,0.17143469563142663,101.0164352,0.46076536630758147
496,99.8338668,0.16958639512342868,101.00786280000001,0.45944983861762334
497,99.822487,0.16782252065083783,100.99965979999999,0.4592008862885162
498,99.8114504,0.16925678283909415,100.9910142,0.4579739826218948
499,99.8026644,0.16783611616883834,100.98471080000002,0.45760984870450344
500,99.789035,0.17133164738949838,100.9737442,0.4555572783444017
501,99.7771088,0.16667657961141127,100.9637466,0.4603674137584463
502,99.76262960000001,0.16289533384305488,100.9501008,0.4650038072370578
503,99.7544952,0.16330171163879428,100.94388899999998,0.4647434194288281
504,99.74612859999999,0.1602745833756574,100.9371292,0.4675713606013101
505,99.733467,0.1599349738012296,100.9275222,0.4684028662283814
506,99.7189222,0.1589465597682447,100.91686999999999,0.469302539256714
507,99.70598600000001,0.15948588924541066,100.90633700000001,0.468663419069589
508,99.69214500000001,0.15753949829931638,100.8954318,0.4681536781585311
509,99.6822402,0.1584053014307294,100.88808739999999,0.4654080366485282
510,99.6675128,0.15581514073850591,100.87663119999999,0.4644987456578967
511,99.6528504,0.1526930591672054,100.86417060000001,0.464963444022256
512,99.6379594,0.1521661865863763,100.85195619999999,0.46569021794338544
513,99.6262912,0.15296943152329648,100.8417482,0.46635599835336067
514,99.610649,0.15468284349855801,100.82906480000001,0.4643147038104239
515,99.59722759999998,0.15575404660117087,100.8179504,0.4649201172044925
516,99.5833008,0.15430505507131198,100.80608959999999,0.4648072110888976
517,99.5721648,0.1535827271972982,100.7979722,0.46387700084888894
518,99.5575088,0.1514978089800633,100.7856128,0.46687660006789966
519,99.5442918,0.15015077133255228,100.7750868,0.4671640640646059
520,99.5274244,0.1515282831587573,100.760083,0.46535130280165854
521,99.51355140000001,0.15223484874443188,100.7477066,0.4664243278241862
522,99.49744280000002,0.1541653656375532,100.7333728,0.4644828540664998
523,99.4861738,0.15461938009758106,100.72428140000001,0.46331437657149976
524,99.47027440000001,0.1536519944674943,100.7104982,0.46654387032792327
525,99.4591538,0.1544400776423042,100.7016602,0.4674275022436704
526,99.4439514,0.15562481263808683,100.687709,0.4652147584438792
527,99.43442240000002,0.1561654768770619,100.67956079999999,0.463038050832715
528,99.4249252,0.1551352340629302,100.672125,0.46382110990984154
529,99.4184966,0.15658597757730103,100.6675078,0.46209160561447027
530,99.39862380000001,0.15823379779730878,100.65037999999998,0.4607134922595625
531,99.3869172,0.1567724076199651,100.6417512,0.46284889014165576
532,99.3685178,0.1530201000370885,100.6252762,0.46593853075074293
533,99.3556228,0.14977384866845214,100.61363680000001,0.47073449211095303
534,99.34583880000001,0.1465746104827168,100.6054048,0.4745188299199117
535,99.3304504,0.1465070911356816,100.592752,0.4727166665426549
536,99.3191176,0.1437414688384697,100.58440859999999,0.4754800449607123
537,99.30492699999999,0.14798316200298167,100.5727404,0.471682227228714
538,99.2881546,0.15173204813301833,100.558148,0.4698440948931876
539,99.27577819999999,0.1512269614287068,100.54814000000002,0.47039467819268793
540,99.26373880000001,0.1470233790883621,100.53922580000001,0.47353233032366493
541,99.2550782,0.14501505702429546,100.53201620000002,0.47573663088452844
542,99.2431136,0.14239300126705576,100.5229204,0.4770643426661053
543,99.23181739999998,0.1395210628523169,100.51431440000002,0.4782195137141957
544,99.21948699999999,0.14075917488249223,100.5047988,0.47662234731720093
545,99.20957940000001,0.13862615790044977,100.4967684,0.47784225773098066
546,99.2003466,0.13874422329538608,100.4888702,0.47911569081565314
547,99.1872378,0.1403299538792776,100.4781386,0.4796096854303946
548,99.1700074,0.14487051344507484,100.4647066,0.47898658454140425
549,99.1565186,0.14802420535925875,100.4553054,0.4787696665623651
550,99.1466844,0.14832451504535465,100.44618360000001,0.4768348729934075
551,99.1365402,0.14931791890781032,100.43843380000001,0.4761367869398045
552,99.12515119999998,0.14884631011805363,100.4289522,0.4745475829909588
553,99.112239,0.14784626715748034,100.41822959999999,0.4750991840172329
554,99.1016464,0.14890829932760444,100.4095686,0.4754805216185439
555,99.0883914,0.14826953333925044,100.3998228,0.4761057834231369
556,99.0751998,0.14605507910839943,100.3902494,0.4777457949916883
557,99.06716600000001,0.14654389004117652,100.38281399999998,0.47998900952334406
558,99.0519242,0.14713335733191188,100.3707458,0.4801434663303873
559,99.03916000000001,0.1509982593740762,100.3589982,0.4766812758975957
560,99.0239548,0.15351841331566637,100.3457582,0.47345117560542416
561,99.00899519999999,0.151638857597121,100.33376460000002,0.4759453077808825
562,98.99955140000002,0.1510207346222399,100.3251726,0.4775505050134909
563,98.98611000000001,0.15115230370986502,100.31604459999998,0.4774739494668193
564,98.9765838,0.1496092527745505,100.3085446,0.4780461678070855
565,98.9643372,0.15159193870044607,100.29821159999999,0.4760542327523604
566,98.95182359999998,0.15274104895619955,100.288516,0.4761878251715404
567,98.9368622,0.15499552120677512,100.27668320000001,0.47280128224335477
568,98.922229,0.15397323647829222,100.26517039999999,0.4725535629994103
569,98.9115128,0.15858237480678447,100.2569396,0.46942423575082015
570,98.8979246,0.15661849862337793,100.2463504,0.4724967692124871
571,98.8835754,0.15592056588609574,100.23479300000001,0.4712098202385007
572,98.87591239999999,0.15744054838141358,100.22890319999999,0.46904772606522793
573,98.8676606,0.15736110589036692,100.22259360000001,0.4699143402411145
574,98.85788119999998,0.15857595435046176,100.21531239999999,0.469274895586627
575,98.84456780000001,0.15511197499277823,100.2042986,0.4711689700982413
576,98.83216259999999,0.1555936517581591,100.1941468,0.4714767950389093
577,98.81926580000001,0.15609338367066977,100.183551,0.4711441702672314
578,98.81177679999999,0.1562535468453759,100.1768204,0.46963695411779305
579,98.79988839999999,0.1602882920722519,100.16561279999999,0.46715353125729675
580,98.788878,0.16276102623908087,100.156276,0.46508671419123565
581,98.7737534,0.16350829807517195,100.14458320000001,0.4642919340726923
582,98.76156920000001,0.15777398486873487,100.1337448,0.4691545169691543
583,98.7486234,0.15647533944056816,100.1227582,0.47096309285225374
584,98.7369552,0.15721168808635158,100.1128052,0.470040350750189
585,98.7281464,0.15584026260450265,100.10653520000001,0.4709418488562681
586,98.717383,0.15454483798431973,100.09821480000001,0.47411412096852806
587,98.7066102,0.15625767553038725,100.0903048,0.47164466234460806
588,98.6967712,0.16103160882683729,100.082631,0.46990680288967596
589,98.6875626,0.1617321110065629,100.07492979999999,0.4681965519319445
590,98.6788758,0.1642336249559156,100.06843259999998,0.4665174701884593
591,98.670897,0.16569555801891375,100.0619124,0.4644018777027499
592,98.6613908,0.17029568224872915,100.0534758,0.4614282363754504
593,98.65148620000001,0.1687686001072468,100.045746,0.4631152686185132
594,98.6409116,0.1677460479446225,100.0382094,0.4657851330554065
595,98.6324646,0.16945483640380166,100.03259440000001,0.46526144498704974
596,98.62415619999999,0.17181405313000855,100.0269744,0.464255110644396
597,98.6095854,0.17088424027346852,100.01407320000001,0.4673151876917361
598,98.5965926,0.17334939792292423,100.0040406,0.46749376622693056
599,98.5850512,0.17037749196464036,99.99500259999999,0.4708878001225356
600,98.57007300000001,0.1660329814283926,99.98335879999999,0.4710814421283874
601,98.5594406,0.1678083750443928,99.97523340000001,0.470475118406748
602,98.5475722,0.17054085589840465,99.9652984,0.4698564241512943
603,98.535045,0.17433541026309143,99.95495279999999,0.4686184224971974
604,98.5225904,0.17460854737452336,99.94525159999999,0.47004954449062203
605,98.51315,0.1766398326154095,99.9374846,0.4721078739451803
606,98.5044128,0.18001689266221588,99.9308274,0.47009003039103076
607,98.4943604,0.17969077289454868,99.9233414,0.46930349170855606
608,98.48183420000001,0.18066036859853946,99.9124604,0.468883399705129
609,98.4716002,0.179293891745818,99.904898,0.47077252831617084
610,98.46433859999999,0.17592073353484977,99.89923519999999,0.4740041724425653
611,98.4520476,0.17966371192491673,99.88792879999998,0.4727117388233117
612,98.4384062,0.1788468059109822,99.8770142,0.47320043435415354
613,98.4243562,0.17779799125907111,99.8649002,0.4746409871300181
614,98.41253939999999,0.1761261686003513,99.8562592,0.47645710627564575
615,98.40024580000002,0.17573749088842905,99.8460694,0.4770610723107064
616,98.38991239999999,0.1766826035382043,99.8367112,0.4770873683921663
617,98.3781036,0.17845147753224008,99.827196,0.4793949942229248
618,98.36037,0.17440880433395745,99.8124708,0.47955236194951545
619,98.34763620000001,0.1748915314992711,99.8008164,0.4803558613797039
620,98.33429879999998,0.17753337763631993,99.78904879999999,0.4776637402924349
621,98.31959079999999,0.17672900886883142,99.77598559999998,0.4792862008648302
622,98.3051374,0.17370145983911942,99.7652588,0.4812833096480255
623,98.2911268,0.17579632410878165,99.7536758,0.4813401670811998
624,98.27999559999999,0.17849758286945788,99.7437178,0.47890595501806177
625,98.2718644,0.17868600769014015,99.7377884,0.4769761032180139
626,98.2623766,0.18084773968463133,99.73097680000001,0.47668956722689015
627,98.25186479999999,0.17955793655018532,99.72318299999999,0.4785906908509615
628,98.24412980000001,0.17683237518214862,99.7172576,0.47895911280926906
629,98.23213820000001,0.1781988848824819,99.7082368,0.4800841341450044
630,98.21950819999999,0.18117721616516777,99.6974714,0.47675020926082234
631,98.2085648,0.1829002909624796,99.6884646,0.4788285077981876
632,98.1964462,0.18392170762299803,99.67830059999999,0.4821589222738076
633,98.1854904,0.18727777259738793,99.66934499999999,0.4811392788463632
634,98.1740676,0.18775677665170995,99.6606874,0.48301867520276914
635,98.1642714,0.18858328723044232,99.6529434,0.48236368607995406
636,98.15160060000001,0.18604694860341095,99.64217520000001,0.4847408679129072
637,98.1385084,0.18787573192362916,99.632042,0.4830332736737713
638,98.1279496,0.19024051997784475,99.62303019999999,0.4773723396601013
639,98.115085,0.1930955229113295,99.6120086,0.47541096335974786
640,98.10153820000001,0.19580838853777255,99.6014878,0.47696492973525506
641,98.09176620000001,0.1982407748243529,99.593791,0.4770682854652972
642,98.08627460000001,0.19759031045332204,99.5891724,0.4784398249341691
643,98.07553859999999,0.19464603353328128,99.57992240000002,0.4811329374767823
644,98.0625398,0.1935322560963948,99.56816260000001,0.47894425459194984
645,98.0543762,0.19370211989278657,99.5610656,0.4779751229001761
646,98.0465516,0.19372113929625367,99.5545978,0.47767395877121055
647,98.0361054,0.19795646817884102,99.54490820000001,0.4732680664525761
648,98.0243042,0.19605224119239284,99.5353072,0.47238075552901404
649,98.0099256,0.19412790439357455,99.5235658,0.46997509211846267
650,98.0013764,0.19619870896680094,99.51656940000001,0.4692210162823477
651,97.9914276,0.19534442098570542,99.5081542,0.4657964838297535
652,97.98051,0.19604574740095737,99.4991304,0.46412156921461883
653,97.97245960000001,0.19598240991435825,99.4933288,0.4649304458614841
654,97.9614012,0.19283775479443566,99.48440400000001,0.46753369028081954
655,97.95186020000001,0.19718018507689586,99.47711340000001,0.46473641737251625
656,97.9404086,0.1929227360065174,99.46750960000001,0.4686088125610082
657,97.932364,0.19388888437143761,99.4603408,0.4697677787457982
658,97.92200940000001,0.1924073919958391,99.4513628,0.47199771647515393
659,97.91321099999999,0.19331033771219078,99.4461808,0.47155971708635414
660,97.90503559999999,0.19564117078120183,99.4400254,0.4694784208197847
661,97.89680940000001,0.1969259396154824,99.4323014,0.470797127655894
662,97.89133620000001,0.19546797546237674,99.4277634,0.47256553033229043
663,97.88193820000001,0.19651677011227373,99.41997380000001,0.4732322313196359
664,97.8754438,0.1972370791006573,99.4153502,0.473324698579484
665,97.8640336,0.19321834336687918,99.4060072,0.47571599328481595
666,97.857454,0.19207408090838418,99.40061639999999,0.4769782529611194
667,97.852272,0.1935965693952249,99.3969786,0.47533142291104613
668,97.8434386,0.19848003384481702,99.3901918,0.47174961509656815
669,97.83506460000001,0.19731227191900877,99.3827498,0.46911138191666235
670,97.8214064,0.19736609610427133,99.3707612,0.4679157509682291
671,97.81369480000001,0.1977030082911215,99.36394200000001,0.4714231051770805
672,97.8033248,0.19725468316306305,99.356082,0.4714343316488556
673,97.79056399999999,0.19484738244790298,99.34513079999999,0.46807608747954577
674,97.78039079999999,0.18883541293136683,99.3371612,0.47272331749444874
675,97.7690142,0.18311656939490878,99.3293168,0.4746195134746976
676,97.75878,0.18269927062689292,99.3204452,0.4711323912177551
677,97.7468476,0.18083481882159647,99.3116316,0.47285840837383764
678,97.73720080000001,0.17498417093714358,99.303662,0.4757989673956862
679,97.727707,0.17476980288596683,99.29669200000001,0.47824380251959336
680,97.7175156,0.17498676924224876,99.28707879999999,0.4795712478860256
681,97.7081926,0.17280325492606163,99.28073140000001,0.4823184836995568
682,97.6976152,0.1742517836137157,99.27212979999999,0.4819174193678394
683,97.6847214,0.1689593510281087,99.259575,0.4863151734947231
684,97.67642679999999,0.16571908778339123,99.2532926,0.4886063289829964
685,97.6637312,0.1659263112088022,99.24334400000001,0.4874086999933438
686,97.6509646,0.16600244472729886,99.2336868,0.4858700285086131
687,97.63953260000001,0.17016435385191325,99.2229112,0.4802979238624316
688,97.626895,0.17220118845118287,99.21244820000001,0.4788682049246526
689,97.614653,0.177349032457468,99.2020416,0.4744411520433746
690,97.6045472,0.18098903863206842,99.19401239999999,0.47171421276980946
691,97.58858040000001,0.1836956888907306,99.1814224,0.47105971201816865
692,97.576938,0.1872412228479612,99.1717498,0.4703814274970482
693,97.56774759999999,0.18964440162008403,99.16423340000001,0.47095185696994596
694,97.55805520000001,0.19257143398687196,99.15598759999999,0.4671380410763388
695,97.5475022,0.19136305422980485,99.1476304,0.467187906246123
696,97.54147800000001,0.19341002647742517,99.1431016,0.46540295261917036
697,97.5306306,0.19715746904806927,99.1333478,0.46368110708649707
698,97.522351,0.19470348422255052,99.12633960000001,0.4670749740393294
699,97.5115356,0.19359080911716683,99.1170334,0.4684994383815644
700,97.5008864,0.19528566515707366,99.10892019999999,0.46786267315929586
701,97.4875152,0.20023735093872885,99.0974608,0.46444815467795736
702,97.4769532,0.1998130850804341,99.0890854,0.46240033034832184
703,97.4662016,0.19846514951960598,99.0794342,0.4649254079249283
704,97.45478940000001,0.20002880622010535,99.07025739999999,0.4629417871770052
705,97.44531699999999,0.20230292382662218,99.062439,0.46016982737767415
706,97.4352952,0.2038378862669024,99.0541764,0.4605565221497143
707,97.41745160000002,0.20544502352463984,99.0388106,0.4568132327306626
708,97.40961300000001,0.2077692117663235,99.03153219999999,0.4523843972978723
709,97.39828320000001,0.20531670785048542,99.02265639999999,0.4539905308442442
710,97.386853,0.20941432042245617,99.01180860000001,0.45169126135208826
711,97.3767364,0.2084077934354655,99.003296,0.4549944187108222
712,97.3665756,0.2100432543145373,98.9949264,0.45337379202270045
713,97.3540526,0.2120617059514528,98.98471359999999,0.4519263152933689
714,97.34261319999999,0.21020565306518266,98.9757554,0.4517357287869114
715,97.32936099999999,0.21392400940240525,98.96319740000001,0.4442897040277225
716,97.3161348,0.214014265772542,98.95334940000001,0.44394971881896733
717,97.303357,0.21261504121580913,98.9412782,0.442777596776262
718,97.29312300000001,0.21216296080796188,98.9323732,0.44520672114755494
719,97.28413400000001,0.21239238283893425,98.9248474,0.44492976227966463
720,97.2756302,0.21175586702559399,98.9174118,0.44617810213294806
721,97.26415119999999,0.20828083179630225,98.9072462,0.4509861724077117
722,97.2531416,0.2065124527176046,98.8972856,0.4526449173047645
723,97.240242,0.20296437020816963,98.88797159999999,0.4527124155525673
724,97.2306016,0.20314867377032061,98.8805924,0.45342044963128786
725,97.2198392,0.2019669868739961,98.8714446,0.4516924982040792
726,97.2091248,0.20358375981143575,98.8625106,0.45125983340536757
727,97.198024,0.20923632397459085,98.85338140000002,0.4481297733677619
728,97.185118,0.21121804786807136,98.8432954,0.4486749596006454
729,97.17503800000001,0.2124484695835674,98.83506179999999,0.4459334227063072
730,97.1638186,0.21649704415589582,98.82599479999999,0.4438852063988624
731,97.1547454,0.2149458947499108,98.8190568,0.44624177200186144
732,97.1455874,0.21400586156888154,98.81214459999998,0.4452928616515633
733,97.133934,0.21553984916483543,98.8028472,0.44712665204454105
734,97.12180800000002,0.21997669357547545,98.7930664,0.44474063686899334
735,97.11014580000001,0.22122157017921942,98.78474120000001,0.4448168757776195
736,97.10097499999999,0.22320685187242986,98.778198,0.4419190686996892
737,97.0892928,0.2201898624273161,98.7701734,0.44146272414807697
738,97.0795608,0.21482476541162482,98.76130220000002,0.44385675183121853
739,97.066855,0.2161655496946724,98.75162659999998,0.4439147232258035
740,97.0531908,0.22052413730419956,98.739255,0.43794556578917465
741,97.0360488,0.22201822856189116,98.7231656,0.43738076468386294
742,97.024179,0.2177603502770853,98.7142106,0.43994733231267685
743,97.01140440000002,0.21557017241687595,98.70284419999999,0.4380310154586803
744,97.00278320000001,0.20840574996808423,98.6956298,0.43948390245714214
745,96.9923034,0.20871996240953974,98.68780819999999,0.4389224561438618
746,96.98006579999999,0.21204085847251458,98.6777846,0.4364660776810037
747,96.9693208,0.21362062138042673,98.6693298,0.43409952851778155
748,96.9569258,0.2162032423756872,98.6589966,0.432429893359651
749,96.94296879999999,0.21986752398241877,98.64777839999999,0.43067923162400085
750,96.926567,0.2234419481485037,98.63365780000001,0.4304158709566347
751,96.91620800000001,0.22726935334708198,98.6251604,0.4264557231641276
752,96.9052872,0.2255385087353408,98.6168138,0.4266478848860731
753,96.8912874,0.2250389017646487,98.6050826,0.4281635343457475
754,96.8835282,0.2254528875249976,98.59859759999999,0.43061548506647856
755,96.87247299999999,0.22898853881450015,98.58847779999999,0.43060591105390084
756,96.8615862,0.2300415866128529,98.5792386,0.4295906251633527
757,96.8496308,0.22854975889761886,98.5707198,0.4309432419859465
758,96.83699659999999,0.22380876214893566,98.5597366,0.4338893612369879
759,96.8272262,0.2181088533685892,98.55255400000001,0.43629286256825167
760,96.813385,0.2147542188027952,98.54176040000002,0.4376105304137927
761,96.80368640000002,0.2167717965110727,98.534685,0.43659277506848226
762,96.79323400000001,0.21628010876916404,98.525592,0.4380230480712214
763,96.7844118,0.2128466794548617,98.5174864,0.4385342727858776
764,96.77153000000001,0.21407334282343576,98.5067108,0.43797860070711453
765,96.75963119999999,0.2152892719718295,98.4973436,0.43714256757702835
766,96.74988579999999,0.2195275318600389,98.48886560000001,0.4347164619798083
767,96.73969419999999,0.2250906534704617,98.47998199999999,0.430050799063085
768,96.7327316,0.22395085628914127,98.4742586,0.4307923125041107
769,96.7212446,0.2281139212469083,98.4634126,0.4278168236171198
770,96.7082262,0.22726972515352734,98.4508148,0.4270472887483992
771,96.6956498,0.22636081226696342,98.4407898,0.4267789953493024
772,96.6787702,0.2258200858660692,98.4266874,0.4277989692603782
773,96.6662766,0.22496449105279007,98.41577140000001,0.42796140627145585
774,96.65353400000001,0.22597526440475726,98.4039108,0.42348274987555384
775,96.641768,0.22681242866298335,98.39458020000001,0.42254742373295534
776,96.6301726,0.22908573018553655,98.3849246,0.4204959395963769
777,96.61851060000001,0.22925620343850797,98.37481679999999,0.4189863605509832
778,96.6082702,0.2311618727864956,98.36813500000001,0.4178613379268293
779,96.5958466,0.2297267936489758,98.3569944,0.41570853683734016
780,96.5852722,0.2321131214140234,98.3486512,0.4128453891206265
781,96.5744278,0.23234590215486847,98.3407728,0.41249090582237324
782,96.56254860000001,0.2354885896289693,98.33076779999999,0.40766752637481585
783,96.5509292,0.2364541916180812,98.3216018,0.4049450993176229
784,96.54372400000001,0.23298961934558451,98.31586920000001,0.4058799301879319
785,96.5319366,0.23271606741658582,98.3059218,0.40672859916529097
786,96.51889020000002,0.23165275560579957,98.29509579999998,0.4113621236401823
787,96.5084488,0.23230270751706641,98.2857942,0.4135798760449553
788,96.4959488,0.23658402816707597,98.276486,0.41244065594700957
789,96.4878478,0.24111994439481899,98.2684082,0.4078724151302204
790,96.4792982,0.24590204734519575,98.260234,0.403599026093969
791,96.4672578,0.24894114008849746,98.249559,0.40343470345968047
792,96.4545166,0.24700675149121012,98.239949,0.4042165273192076
793,96.4429048,0.2463764578407591,98.23103940000001,0.4065588186329726
794,96.4387618,0.24925268489498797,98.2272126,0.40420252397262296
795,96.42360980000001,0.254758055220556,98.2127702,0.39924032769568946
796,96.41725019999998,0.2585645251216033,98.20723000000001,0.3962443213750822
797,96.40754519999999,0.25840136529778773,98.19862540000001,0.3951811551653761
798,96.3977096,0.2590116350935584,98.19066799999999,0.3956320924540875
799,96.38237919999999,0.2583219821667533,98.1774598,0.3914369172928897
800,96.3706436,0.2636370475669923,98.1667558,0.3888013654952379
801,96.36139840000001,0.2648419816196832,98.15883160000001,0.38823890469946465
802,96.349855,0.2686850396043695,98.1505266,0.38760710532888665
803,96.3365082,0.26538972744656236,98.1394274,0.38936426034889204
804,96.3232512,0.26287494651746307,98.12858580000001,0.38776828855356194
805,96.3081862,0.26504625648697994,98.11654519999999,0.3862317011424103
806,96.294815,0.26471135752967234,98.10393839999999,0.3887687046044699
807,96.28244800000002,0.2660606893285834,98.0933594,0.3867685411134694
808,96.27008359999999,0.2623200906972992,98.08413680000001,0.3894542335963999
809,96.26031660000001,0.2645952125935781,98.0759628,0.3909730419731774
810,96.2483872,0.2675646623053216,98.06573940000001,0.39108327468742476
811,96.23853460000001,0.2671143715112343,98.05772420000001,0.3882832020128637
812,96.22841199999999,0.2666339189203066,98.0493592,0.3865128882722523
813,96.2171434,0.2671003960293598,98.04148419999999,0.3883973209765475
814,96.2039018,0.2657326335694564,98.03083480000001,0.38884103921237817
815,96.1923982,0.2651634390547838,98.02206859999998,0.38753374586149336
816,96.1821958,0.2623296518462222,98.0131182,0.38896008890445394
817,96.170996,0.25881043877942816,98.00352620000001,0.38904964110272694
818,96.1565612,0.25855647285372574,97.992386,0.3871337584851037
819,96.14370879999998,0.2552708524288663,97.9822036,0.38934944768451896
820,96.12919919999999,0.2563774121746296,97.9698884,0.3899078378697192
821,96.11601700000001,0.2554518627827944,97.9598908,0.3896375086181507
822,96.1038852,0.25272800749454105,97.94792179999999,0.390983953558403
823,96.0955352,0.25210420996516364,97.9408266,0.39027676502687436
824,96.0823884,0.25184097891852597,97.9291,0.39032015651206164
825,96.0702622,0.25234801980392196,97.9192244,0.3902515925167232
826,96.0597686,0.2517857603396993,97.9103332,0.3905178551110844
827,96.0461638,0.25082239685833513,97.89948580000001,0.38898662988509247
828,96.0318786,0.2458157839819062,97.88692460000001,0.39033537019214887
829,96.01697680000001,0.2439730407650798,97.873474,0.3914731216852577
830,96.0065078,0.24497249700192925,97.866162,0.3912558074666757
831,95.9935606,0.2461437746217447,97.85443260000002,0.38909215088644483
832,95.982753,0.24985017255867625,97.84717700000002,0.3892537834056336
833,95.97296,0.24731157228645637,97.83875900000001,0.3892558424332282
834,95.960736,0.2475716550972675,97.8285446,0.391511100463118
835,95.95049879999999,0.24778350003452673,97.82063300000002,0.39025825877744313
836,95.9400758,0.24664969125656827,97.8123154,0.3901258210996035
837,95.9313308,0.250264163860026,97.80599219999999,0.3878356118844162
838,95.91814240000001,0.2465186368440337,97.79600059999999,0.38691761953655907
839,95.9081314,0.24825065373416308,97.786548,0.3849305279465363
840,95.8961896,0.2471476449983682,97.77709039999999,0.3840567306461927
841,95.8862304,0.24398840450857337,97.76816720000001,0.3852442905691914
842,95.87509440000001,0.24486642704511238,97.759407,0.38499715054321865
843,95.86491080000002,0.2441405464886187,97.75153200000001,0.38665360950855976
844,95.85437019999999,0.2486781688700492,97.742357,0.38458638505646325
845,95.84646140000001,0.2501924159694693,97.7359238,0.3823966296835777
846,95.8358428,0.2514083411626617,97.72749760000002,0.38130905171296703
847,95.82647419999999,0.24858905529600403,97.71985179999999,0.3838972593360904
848,95.8190506,0.24861206610025918,97.71468060000001,0.38311129405571015
849,95.812076,0.2521130481280169,97.70866099999999,0.37918004543330214
850,95.80717159999999,0.2546643572882547,97.704982,0.37801127680163277
851,95.79223019999999,0.25321125556135593,97.692363,0.3804922233586413
852,95.78301859999999,0.2502163302149551,97.68563999999999,0.38105098646454505
853,95.7751906,0.2538050769047755,97.67966599999998,0.3796762675290639
854,95.7598554,0.2516389287996579,97.6681962,0.37904623069298105
855,95.74902660000001,0.25504342001282504,97.65939619999999,0.37919347908390927
856,95.7402924,0.2528473288050345,97.65171360000001,0.3785442148170287
857,95.73318480000002,0.25326562653103935,97.6454056,0.3789890207700463
858,95.72610940000001,0.2560233481005988,97.6398878,0.3781825116053871
859,95.7168882,0.2597943362049315,97.6322494,0.3752329494911657
860,95.7025436,0.25973974184602633,97.6207856,0.375448692833307
861,95.69303,0.25886993084481497,97.61276560000002,0.37943655312718483
862,95.68656159999999,0.2597242027540728,97.60775759999999,0.37913728955437603
863,95.677745,0.26259502118204775,97.600348,0.38077868070731014
864,95.66888880000002,0.2654858017690576,97.59311060000002,0.3779262237916788
865,95.6574358,0.262640809989914,97.58267219999999,0.3785168236796848
866,95.6478972,0.2618343650091803,97.57519679999999,0.3787469781383894
867,95.6398924,0.2652535727492443,97.56896379999998,0.3776837135627638
868,95.630139,0.2655662728661134,97.5613066,0.37693811406255984
869,95.618547,0.26904600515004984,97.5517712,0.37373709027036356
870,95.60718399999999,0.2698903313755417,97.542305,0.37281800008636873
871,95.5979766,0.26708056601901753,97.53474100000001,0.3740300167136328
872,95.587941,0.2666582444643354,97.5268906,0.37414106423946486
873,95.5779238,0.26614515667913363,97.51840039999999,0.3747862513415355
874,95.56888119999999,0.26390029052306824,97.51140620000001,0.37445375515190055
875,95.5595688,0.2654943848825441,97.50422499999999,0.3736566098979109
876,95.5481154,0.2634713067084165,97.49474060000001,0.3763860726587014
877,95.536589,0.2658691037070665,97.4857742,0.37399149083335803
878,95.52489,0.2644300563884531,97.4771272,0.3754474505564811
879,95.5182524,0.2673230592220576,97.4715788,0.37402463571663636
880,95.5087496,0.26640463082356713,97.46288760000002,0.3734978664145748
881,95.50048799999999,0.2657786941551184,97.45661179999999,0.3739177341225716
882,95.493776,0.2686000087661959,97.4503478,0.3723415969109034
883,95.48532700000001,0.2670449119590179,97.4437088,0.3736680908476938
884,95.4733276,0.2659582839203186,97.43423019999999,0.37321502375301013
885,95.46262820000001,0.2667242785742628,97.425975,0.37337300594017364
886,95.450522,0.26462833148172177,97.41586319999999,0.37486279251661975
887,95.440474,0.2670655546280729,97.4074006,0.3734003902711401
888,95.42863439999999,0.2679338421555589,97.39828800000001,0.3734547754199993
889,95.41693560000002,0.26670373034106715,97.38934939999999,0.37258900978939613
890,95.4036164,0.26546032326026076,97.379381,0.374590962335717
891,95.3932234,0.2698541545321125,97.3709504,0.3720835769289446
892,95.3812682,0.2694048639014527,97.3611328,0.3721823001204678
893,95.3730456,0.2714043432412966,97.3552966,0.3705297510746472
894,95.36190020000001,0.2717468177038335,97.34548180000002,0.37063641474814785
895,95.349144,0.27219383189852125,97.3344634,0.37087337703458867
896,95.3373672,0.27675732227017924,97.3249208,0.36922415853538515
897,95.32409360000001,0.278707050999862,97.3126402,0.36604088254040945
898,95.31191859999998,0.2776374070262147,97.3022582,0.36465565673900924
899,95.3013842,0.2774125106741939,97.2943482,0.36406463302078546
900,95.29003759999999,0.27653072723051797,97.2849794,0.36606709124017167
901,95.2797928,0.27693778943828173,97.27643719999999,0.3648342940483534
902,95.2684844,0.2744083812412443,97.2665604,0.3672411171906578
903,95.25978860000001,0.27643946201119596,97.2589112,0.36592954833267943
904,95.2487778,0.27130056414935866,97.2502366,0.3659334653641821
905,95.2370804,0.2728450920537871,97.239807,0.36392184347301715
906,95.2283556,0.2713429095116394,97.23299540000001,0.3647223469021858
907,95.218219,0.27215644840936604,97.2244644,0.3653001142477793
908,95.20502200000001,0.27364024025789835,97.2127336,0.36669229853848667
909,95.1922074,0.2692938115713773,97.2004638,0.3704954254845265
910,95.18371280000001,0.27017512948189853,97.1928514,0.3703226515311217
911,95.1723784,0.2754724259243397,97.18299540000001,0.36846302249783586
912,95.16154180000001,0.27630209199888556,97.17315959999999,0.3677082755574592
913,95.1494522,0.2781062313350045,97.16226800000001,0.3670185014453638
914,95.13831200000001,0.2781587393169588,97.1535704,0.3671907204560618
915,95.1289228,0.2802216735432123,97.1467332,0.3661343162859233
916,95.11784960000001,0.28126042273707763,97.1384812,0.3665908967153441
917,95.10690120000001,0.2845978140867574,97.12878559999999,0.3657104839189635
918,95.0993028,0.2874026523283288,97.12189179999999,0.36294871840710363
919,95.08916940000002,0.28506055307011674,97.1132112,0.3627389749747853
920,95.07797559999999,0.28366365971452867,97.1041458,0.3615513786461888
921,95.06931019999999,0.28060126815066333,97.09617159999999,0.36458449668882126
922,95.0628296,0.27917651317874365,97.09058999999999,0.36470277904288034
923,95.0575196,0.2778912805473411,97.0867068,0.3635982633431607
924,95.0492934,0.27705697632190984,97.08069479999999,0.36338591615273097
925,95.0384292,0.27772521368460446,97.0714158,0.3625603971745441
926,95.02808999999999,0.2794591794226833,97.06414939999999,0.361412153688613
927,95.0175138,0.280135119134606,97.0567354,0.35911198557864915
928,95.0053482,0.2807907726307248,97.045355,0.3579672967783509
929,94.9936234,0.2802978422018992,97.034415,0.35643144357814743
930,94.985527,0.27884599518300224,97.0292434,0.35683017487348195
931,94.9749632,0.27863904710244947,97.0212906,0.35497499152340356
932,94.96520079999999,0.28035820246348964,97.0134216,0.35203343282966765
933,94.95251619999999,0.2825064803974578,97.0029572,0.34915224794716654
934,94.94122300000001,0.2805778406624424,96.99434060000002,0.35077532974176207
935,94.93054199999999,0.2815080078754396,96.984749,0.34971432120232293
936,94.920555,0.28247077410946514,96.9773926,0.3501168919938605
937,94.90939019999999,0.2791564342804208,96.96808300000001,0.3527390964744322
938,94.9027098,0.2784133767759024,96.96284619999999,0.3516888852104366
939,94.8933348,0.27924630340213924,96.9544312,0.35120187730159075
940,94.8843568,0.2782266925766841,96.94657419999999,0.35453268572722985
941,94.87621620000002,0.2771499135676612,96.93922559999999,0.3548498999681977
942,94.8663392,0.278130428193966,96.9307448,0.3534915476689079
943,94.85649719999999,0.27705681998565096,96.92176199999999,0.35418737804896333
944,94.846666,0.27594934648011105,96.912274,0.35567385545918545
945,94.83601979999999,0.27732385545596283,96.9040098,0.3535655807498246
946,94.82785220000001,0.27803976424705923,96.8976488,0.35308437033966533
947,94.8199464,0.2789346772107034,96.89068,0.3546777155260842
948,94.8086456,0.27390185629791275,96.880609,0.3572504892217814
949,94.800624,0.2737235815745517,96.874083,0.355945609890614
950,94.78694,0.2759887959776656,96.86318359999999,0.3567857404390494
951,94.7784578,0.2760713466380738,96.85655519999999,0.35637958496771527
952,94.77135000000001,0.27517759650305845,96.84969960000001,0.3573207663109426
953,94.7612734,0.2721427727209413,96.84056240000001,0.3569728778115254
954,94.7496094,0.269319386201292,96.83057099999999,0.36055092041042014
955,94.73740219999999,0.266691237563891,96.8209426,0.36363897713231874
956,94.72808979999999,0.266485246274834,96.8139022,0.36390224748819583
957,94.7175584,0.2715594869626875,96.8058792,0.3601283367231211
958,94.7087252,0.270998171155009,96.7981202,0.3597434821827359
959,94.69990519999999,0.27241473978872666,96.79022060000001,0.35714994663564137
960,94.6943908,0.27542227084998,96.7860812,0.35612500515375134
961,94.68525079999999,0.27890833761176753,96.77923139999999,0.35558670203403264
962,94.6778016,0.2795872389402659,96.7717072,0.35683498742998976
963,94.66559299999999,0.27708990035726905,96.7619948,0.36030774709039975
964,94.6534806,0.2739137299812459,96.75098879999999,0.36405328592853003
965,94.644705,0.2735326847921486,96.74446700000001,0.36245911313194906
966,94.6350556,0.27229230094705326,96.73621820000001,0.36213873019791926
967,94.6256774,0.2713117292006357,96.7272414,0.36139799722112487
968,94.616411,0.2702573402259406,96.71952040000001,0.3613865739236026
969,94.60562420000001,0.26726052109759674,96.710771,0.3624658933946701
970,94.59422760000001,0.2632986480152153,96.70255879999999,0.365398245881613
971,94.58468780000001,0.26693867732750615,96.6952436,0.362328926463563
972,94.5727372,0.26756119504622117,96.68498059999999,0.36291315427722115
973,94.56421359999999,0.27025964494951926,96.6775252,0.3626175614563618
974,94.55324560000001,0.271423036661665,96.66978759999999,0.3601071951831018
975,94.5441606,0.2731560556199298,96.6625914,0.35987930497131876
976,94.534729,0.27235727673407395,96.6534044,0.35775869268858107
977,94.527461,0.27197848066198077,96.64665220000002,0.3575692846777555
978,94.51715399999999,0.27303803430071405,96.6367768,0.3589018042570428
979,94.50681,0.2725210142620178,96.6277968,0.3626253642564997
980,94.4996002,0.26918351758857556,96.62142000000001,0.3637205502728705
981,94.49258559999998,0.2693920871514983,96.61606320000001,0.36373861068871993
982,94.486728,0.26892386420471903,96.61098779999999,0.3643457394071765
983,94.47592339999999,0.26789524712364815,96.60151959999999,0.36834508941512845
984,94.46813040000002,0.2658783070651681,96.59604039999999,0.36866804628587085
985,94.4605666,0.2657038306826642,96.58933420000001,0.36964347122620717
986,94.4526794,0.2664654376151616,96.58189100000001,0.3691043999775678
987,94.4427858,0.26418284864418884,96.5736388,0.37223586112323986
988,94.43233659999999,0.2640839283255197,96.563585,0.37000567220949343
989,94.42511440000001,0.26375905164949387,96.55757120000001,0.37073597500830635
990,94.4140414,0.2650083687120856,96.54818259999999,0.36836270011639505
991,94.4030304,0.2642772270413029,96.5387772,0.3689385575205695
992,94.394673,0.262890632203583,96.53140099999999,0.37064876620164017
993,94.385736,0.26006294244278605,96.5232178,0.37138008549592744
994,94.37857679999999,0.2590433094641892,96.5159594,0.3717905273605567
995,94.36797019999999,0.25911063973939663,96.50805220000001,0.37283172577740453
996,94.3582166,0.2630568043800409,96.4994614,0.3724167209310542
997,94.3483032,0.2639344913355553,96.4918028,0.3721487603652039
998,94.33498539999998,0.26659044603781384,96.47996520000001,0.37002499302690445
999,94.32537239999999,0.26896274813260174,96.4722106,0.37116079651579603
